image,truth,pred,top1,top5,status,elapsed_ms,http_status,sha256
1.73_06-09-2026_14-54-06.webp,-,rozovoe-polusladkoe,False,False,not_found,669.3,200,367a651c8018b48820700f92c18e1b6cb2c4aedeb1f47cc799516d50016686b8
2.69_27-08-2026_14-29-00.webp,-,shato-pino-sovinon-blan-semilon-beloe-suhoe-115,False,False,uncertain,743.6,200,ff56ff7bb3aea4ae93744ffc85fbf9479ddca5593997ad2aff715c4402433152
41.8_22-08-2026_20-56-40.webp,-,pino-nuar-2025,False,False,not_found,855.7,200,c975b31e13bfa77dbc402d7ae4cd3889609cf85a9dadda45778a63232b4c6acf
48.98_02-09-2026_18-34-15.webp,denisov_rubin_klaret_krasnaya_strelka,denisov_rubin_klaret_krasnaya_strelka,True,True,uncertain,671.4,200,d6eb68e01ae1276b82be31361385d7afa02caf7af5acab17f13800e32d34cd6b
68.81_05-09-2026_15-46-31.webp,fanagoriya-velvet-season-muskat-ottonel-beloe-sladkoe-13,fanagoriya-velvet-season-risling-beloe-sladkoe-12,False,True,not_found,734.9,200,513486638be167d890496bc6a6fa0c369e63849f531e49ec72bf33f02e30dfa2
70.45_04-09-2026_13-35-37.webp,fanagoriya-formula-q-kaberne-sovinon-krasnoe-suhoe-135,fanagoriya-formula-q-saperavi-krasnoe-suhoe-135,False,True,uncertain,759.0,200,3eb309e8e4b139ef15566a45fe8fef1a940b8dca4bf15d8a6b5fe0523a69cb52
72.97_09-09-2026_19-38-57.webp,-,shato-pino-sovinon-blan-semilon-beloe-suhoe-115,False,False,uncertain,728.8,200,a044e6b41dad8e9de1da1f0d3250ebb3fa6504c57fac1c19599c6e6a58985c9f
82.33_27-08-2026_10-03-52.webp,skalistyj-bereg-shepot-czvetov,skalistyj-bereg-shepot-czvetov,True,True,confident,659.6,200,426d1bf00ea81f447de22f5be0fe565646883d6b565db83d9a80a866eaa49545
84.73_07-09-2026_11-07-51.webp,zhemchuzhnaya-9-aligote-czitron,zhemchuzhnaya-9-aligote-czitron,True,True,uncertain,612.9,200,bd7fb7159c81ead9a47fb12506e664eb398239c1d659dd343031decba6b9e796
87.09_22-08-2026_20-57-16.webp,pobeda,pobeda,True,True,confident,695.3,200,f9aea64e1f36a651fe5a41676c2d3af94cad6c1974b7fb27540703dde4101016
87.54_03-09-2026_13-27-53.webp,relikta-relikta-sira-kaberne-fran-krasnoe-suhoe-13,relikta-relikta-sira-kaberne-fran-krasnoe-suhoe-13,True,True,uncertain,676.5,200,f8ca912b532eaea763d9a708344202736d0a3a356a597f65ca0d599183b2b16d
87.6_20-08-2026_19-56-56.webp,vinodelnya-uzunov-shardone-rezerv-beloe-suhoe-135,vinodelnya-uzunov-shardone-rezerv-beloe-suhoe-135,True,True,not_found,642.3,200,e3579e75e319a8036eb8ff8155d3fb64a92bb52965e045afc59eebe3ef8a0d36
87.81_09-09-2026_17-16-36.webp,-,aya-organic-wine-vineyards-purity-in-syrah-sira-rozovoe-suhoe-132,False,False,uncertain,669.7,200,e4839a440c4741671a2497060bab320e54703d37ff0af208991278bf699632d9
87.88_28-08-2026_16-56-20.webp,massandra-muskatel-belyy-belye-sorta-vinograda-beloe-sladkoe-16,massandra-muskatel-belyy-belye-sorta-vinograda-beloe-sladkoe-16,True,True,uncertain,892.3,200,8c760f87c8940934bfd19020d90aa949f843267c47a99180bdd41242a5033a36
88.2_05-09-2026_16-29-06.webp,-,vinodelnya-begildeeva-kaberne-sovinon-krasnoe-suhoe-14,False,False,not_found,669.4,200,9fc94b7fbaaf7688649299194a31cf663375071dc9cadc83ed08e30f0000d5d8
88.38_20-08-2026_18-32-58.webp,czitronnyj-magaracha-sovinon-blan,czitronnyj-magaracha-sovinon-blan,True,True,confident,657.0,200,38ff285918aae3011c0996aae84e18f6eef5bf1daaa30a41700941046f4c5d19
89.65_19-08-2026_19-48-39.webp,rozovoe-zoloto,rozovoe-zoloto,True,True,confident,763.9,200,c381a17b4bf09483a27e8c3b5bca1db7147253a97d309107c3c01b3a0cac38a2
90.5_02-09-2026_10-32-11.webp,?,inkerman-shato-ruzh,False,False,not_found,706.1,200,1ca732eeaa869ee3414a43a789a3ff44706006d0f44ecdacbbf2710e5c451df0
91.07_20-08-2026_18-37-46.webp,aratti-kaberne-sovinon-2021-krasnoe-suhoe,aratti-kaberne-sovinon-2021-krasnoe-suhoe,True,True,confident,640.3,200,4ce7521c9d322cc7a083918632406c6989a88219da2746109eca43da5cd1fe69
91.43_02-09-2026_12-08-50.webp,merlo-litavshhuk,merlo-litavshhuk,True,True,uncertain,687.5,200,4036e7a9800f57bcf1ff4c23c0f0f7b9f8559c6b92dfd9230991efc83071a1d2
92.21_19-08-2026_18-57-31.webp,belaya-lvicza,belaya-lvicza,True,True,confident,677.7,200,31a7a593985dce516d7dbcce9f9c42633685312d5d723222f8b9b63c5cc8b3c0
92.6_07-09-2026_11-04-40.webp,aratti-kaberne-sovinon-2020-krasnoe-suhoe,aratti-kaberne-sovinon-2020-krasnoe-suhoe,True,True,confident,664.4,200,3c1e06bc461fe048e78dd010f8d990b5387895b02126aa02e01ff8d914582dce
92.94_21-08-2026_19-37-08.webp,denisov-winery-sovinon-blan-beloe-suhoe-115,denisov-winery-sovinon-blan-beloe-suhoe-115,True,True,confident,608.9,200,060f61b5d35a0d917c7e875356f89df61af85ead6ea483efd06e20b7291fe8eb
92.96_19-08-2026_21-07-12.webp,aratti-kaberne-sovinon-2020-krasnoe-suhoe,aratti-kaberne-sovinon-2020-krasnoe-suhoe,True,True,confident,701.8,200,120946ab5cf6c2b84bd9de87e82b76c916f7ebba6154759649eaaf266bbc61ca
92.99_02-09-2026_04-20-19.webp,-,mont-blanc-blanc-de-blancs,False,False,not_found,658.8,200,d93a805d45811057c3f42a2fefdcd5f997bd1b291ea753c4cf1f04dacaafeacd
93.31_05-09-2026_13-39-37.webp,golubitskoe-estate-noble-selection-red-blend-kaberne-sovinon-krasnoe-suhoe-136,golubitskoe-estate-noble-selection-red-blend-kaberne-sovinon-krasnoe-suhoe-136,True,True,confident,639.7,200,000083d2806f126027ec4de3072c56dd87a8904fc37d398fef15a82131eedbc1
93.43_05-09-2026_13-34-45.webp,denisov_pet_nat_rubin,denisov_pet_nat_rubin,True,True,uncertain,613.3,200,82ae9919493a145fb439b645689580c8ce13bd27db77546df86e656214728486
93.68_19-08-2026_20-44-28.webp,zakat-denisov-vajneri,zakat-denisov-vajneri,True,True,confident,612.4,200,0d7d62c97ceb14530a645e161b691347a07142e0908debfa932a55101a75e1bf
93.84_02-09-2026_17-13-04.webp,zakat-denisov-vajneri,zakat-denisov-vajneri,True,True,confident,549.4,200,3ae6907eee7fd51adfaf90c1cc16f674418e6bfd1091558e4f043e19bdc67035
93.95_05-09-2026_15-29-36.webp,-,abrau-dyurso-imperial-kyuve-pino-nuar-rozovoe-bryut-125,False,False,not_found,751.9,200,96801d91ed57e580a2d755f3c2101018d303fb839f1b5f09f4d0143fd1c2d168
93.97_28-08-2026_16-02-48.webp,golubitskoe-estate-chardonnay,golubitskoe-estate-chardonnay,True,True,uncertain,674.6,200,895c254a8654a4648c2dee1e2c6c5e002141b8c48ff82de680fe70a27d686896
94.02_24-08-2026_17-46-57.webp,rubin-golodrigi,rubin-golodrigi,True,True,uncertain,823.4,200,003d87255c17e2188c36bc6a42f63505740d8f45db6ea6fb91dd4c078e05b101
94.43_05-09-2026_15-29-25.webp,-,fanagoriya-alveus-ultra-cuvee-bryut-rozovoe-merlo-igristoe-bryut-rozovoe-12,False,False,not_found,627.7,200,1ef49b08b91459c771b7a1bc1a529a601121fa232698aa75d63d609dd0a65a51
94.55_02-09-2026_16-53-08.webp,denisov_pazori_risling,denisov_pazori_risling,True,True,confident,641.5,200,a4b92006e761b017daf2a3cc6b7f89ecf2e0465cad666b5724a43b149816f210
94.72_21-08-2026_15-41-48.webp,?,derbent-vino-desono-kaberne-sovinon-krasnoe-suhoe-125,False,False,confident,924.0,200,11ade77843babb99b749be00b88b09699cba8b39269913a284d8c1a29ab07e00
94.7_25-08-2026_15-52-07.webp,czitronnyj-magaracha-sovinon-blan,czitronnyj-magaracha-sovinon-blan,True,True,confident,655.8,200,21d0d5fd419192919231da52f4c32bedd785a5320adde9c1c739f5f6cd967aeb
94.83_27-08-2026_14-29-28.webp,-,shato-pino-sovinon-blan-semilon-beloe-suhoe-115,False,False,confident,615.2,200,e9267d074b92727103de6d31613bd1726e9d03b8eb4f08c332c87e3c188dacf8
94.8_01-09-2026_10-10-02.webp,-,valeriy-zaharin-dom-zaharinyh-krasnoe-kaberne-sovinon-suhoe-125,False,False,not_found,956.9,200,eeb9e670cfc73d731be98ec65ddf3ac31de8f456b2fc9e6651bf3f38191790a0
94.94_05-09-2026_15-04-50.webp,denisov-winery-sovinon-blan-beloe-suhoe-115,denisov-winery-sovinon-blan-beloe-suhoe-115,True,True,confident,668.9,200,30f7e1b4c02683b7d1523124f6cf026cc4a7fd11584b8a5bec93ab8f765dec85
94.97_02-09-2026_19-01-48.webp,zhemchuzhnaya-9-pino-nuar-muskat-rozovyj|zhemchuzhnaya-9-pino-nuar-muskat-rozovyj-1|zhemchuzhnaya-9-pino-nuar-muskat-rozovyj-2,zhemchuzhnaya-9-pino-nuar-muskat-rozovyj-1,True,True,uncertain,757.4,200,7972f7185bb78f3cc2914a9967e03824cf65ea0a1a18cf02f4a5cc224fef08bd
95.03_04-09-2026_11-39-35.webp,fanagoriya-zelyonoe-vino-risling-tsitronnyy-magaracha-beloe-polusuhoe-11,fanagoriya-zelyonoe-vino-risling-tsitronnyy-magaracha-beloe-polusuhoe-11,True,True,uncertain,874.5,200,9269752db5d672742b98f33f9d8198519ca823edf3f88c883288bcc442658971
95.07_01-09-2026_16-15-35.webp,-,khrustaleva-76-muscat-bryut-beloe,False,False,not_found,728.2,200,22117738bbb30cda0a92655a03d4514c52bd77a3b17f827480e8895e0e1237a9
95.17_29-08-2026_11-06-42.webp,-,golubitskoe-estate-pino-nuar-rezerv-krasnoe-suhoe-132,False,False,uncertain,764.7,200,3592273a67c50b354728e8fb90d9515bfccd2f7cb63cf502a925ed078ed1df49
95.19_05-09-2026_15-32-06.webp,-,fanagoriya-alveus-ultra-cuvee-brut-shardone-beloe-bryut-12,False,False,uncertain,673.9,200,bb5135fd75a48fa3f7a21d271eed121adaad72b5f7924be6fc65a617a2654e36
95.24_19-08-2026_20-00-22.webp,zhemchuzhnaya-9-czitron-shardone-1|zhemchuzhnaya-9-czitron-shardone,zhemchuzhnaya-9-czitron-shardone-1,True,True,uncertain,619.1,200,fc8cc15f33fc9834058713e27b2bf6e9e3f92b9a70033f1e81c77b7cc5e6376b
95.29_21-08-2026_17-24-49.webp,-,bukovinka,False,False,not_found,712.5,200,38181c65d5cc58304c5d2121b4d9384de7e8e1252080d9e888b3fa63ff56b4ae
95.2_05-09-2026_13-54-13.webp,aratti-kaberne-po-belomu|aratti-kaberne-po-belomu-1,aratti-kaberne-po-belomu-1,True,True,uncertain,688.9,200,2fc4599b87543bee996420918df0e011a3a1a5b567f828c254bb0742ec0c5851
95.32_02-09-2026_12-09-23.webp,-,sovinon-blan-krasnaya-gorka,False,False,uncertain,768.3,200,00f24170520a0c652a2e1b0c9f3d4cdcac07f1b80b898920eefa1f1d8efb3eb6
95.35_05-09-2026_15-29-53.webp,-,fanagoriya-alveus-ultra-cuvee-brut-shardone-beloe-bryut-12,False,False,not_found,637.4,200,9ba88b5ad69a2350ada8df0e722ac035c09af01fbf42046a156008baf3151843
95.36_28-08-2026_17-09-04.webp,winemaker-selection,winemaker-selection,True,True,confident,965.0,200,811d9775a2f7e33bbf796f6bc42b9f20fe6f4e98e9d1e038109f2b2b42d61235
95.49_05-09-2026_15-34-51.webp,zhemchuzhnaya-9-pino-nuar-muskat-rozovyj|zhemchuzhnaya-9-pino-nuar-muskat-rozovyj-1|zhemchuzhnaya-9-pino-nuar-muskat-rozovyj-2,zhemchuzhnaya-9-pino-nuar-muskat-rozovyj-1,True,True,uncertain,665.6,200,f9b1cff42f3c14b3b60b6da7647619535ff50a9c49e8d7e74d88231c956eba43
95.63_24-08-2026_17-47-43.webp,rubin-golodrigi,rubin-golodrigi,True,True,uncertain,763.5,200,991c7fdf7ecc8c5ed3c3c2b02f29b9d03cb7b5a9a378cce050a1678c0db8a616
95.75_02-09-2026_14-47-49.webp,uva-vallis-risling,uva-vallis-risling,True,True,confident,661.2,200,63a0b80dd04a46e452c9ddbf4d313cd5afdc29324350ed625e9830e8d853c17d
95.76_23-08-2026_18-19-43.webp,denisov_barynya_kurmyshi,denisov_barynya_kurmyshi,True,True,uncertain,666.9,200,36cb48ee1a77914eaa7faf800515661768b6965c1326ae83d0fc89615435edee
95.88_02-09-2026_14-41-59.webp,fanagoriya-zelyonoe-vino-risling-tsitronnyy-magaracha-beloe-polusuhoe-11,fanagoriya-zelyonoe-vino-risling-tsitronnyy-magaracha-beloe-polusuhoe-11,True,True,uncertain,843.6,200,a92501324b89163344c057c6eff1c5555f96686d6bc7d9212d42204b7f2f3ea0
95.8_19-08-2026_19-33-23.webp,roze-2,roze-2,True,True,confident,734.3,200,6d6386e94441681fd3f19494d4635de268b2573ebd28712578d1db9193cd1e11
95.8_19-08-2026_20-47-59.webp,denisov-winery-sovinon-blan-beloe-suhoe-115,denisov-winery-sovinon-blan-beloe-suhoe-115,True,True,confident,605.7,200,edb4d35df1485ef6d8c98b562062e3a58dd9af2476ad7607e96e5214fd48df16
96.05_28-08-2026_09-14-57.webp,-,usadba-divnomorskoe-yuzhnyy-les-merlo-krasnoe-suhoe-137,False,False,uncertain,623.4,200,d7320794b6cc70e7daddce46fcebf8d6b5ed2483d8cd263bd16aaf20953ee46a
96.07_28-08-2026_16-10-06.webp,golubitskoe-estate-kaberne-sovinon-krasnoe-suhoe-137,golubitskoe-estate-kaberne-sovinon-krasnoe-suhoe-137,True,True,uncertain,745.5,200,2291e18f98e5a59ef5094402e4b8a6369b3f4e1bde3d2a1b09b35d432c945b60
96.08_22-08-2026_15-12-27.webp,zhemchuzhnaya-9-czitron-shardone-1|zhemchuzhnaya-9-czitron-shardone,zhemchuzhnaya-9-czitron-shardone-1,True,True,uncertain,683.7,200,f696d81ca16f36860c621df08bb431abc329f07dee316922c67d2068b201a9fa
96.08_28-08-2026_16-29-50.webp,golubitskoe-estate-merlo-krasnoe-suhoe-135,golubitskoe-estate-merlo-krasnoe-suhoe-135,True,True,confident,685.6,200,02a0d820011fd204874f24e668162d9256b765fa3e6f67f0d47b18c8994774aa
96.11_22-08-2026_21-29-20.webp,-,abrau-dyurso-imperatorskoe-bryut-shardone-beloe-12,False,False,not_found,652.3,200,dcc9f458b09d7babb31aa17fc38e38c8bd99ef820a5cadbee5cc91dbf06e233d
96.13_19-08-2026_19-33-10.webp,roze-2,roze-2,True,True,confident,569.0,200,bd699059437bb9fc98d4191283b4146c6abfe54354ff6ccf18d73c447cac2075
96.15_22-08-2026_20-56-09.webp,roze-2,roze-2,True,True,confident,828.3,200,e3bbe43ea5972adc12569537caab7325613c1a2d2471d3c64effa21a29ddda66
96.27_20-08-2026_16-26-30.webp,zhemchuzhnaya-9-pino-nuar-muskat-rozovyj|zhemchuzhnaya-9-pino-nuar-muskat-rozovyj-1|zhemchuzhnaya-9-pino-nuar-muskat-rozovyj-2,zhemchuzhnaya-9-pino-nuar-muskat-rozovyj-1,True,True,uncertain,710.9,200,d754e4474418b54b8888617dffa08263c7bfb96e26a700ff7578d050a8737501
96.29_21-08-2026_19-39-02.webp,denisov-winery-sovinon-blan-beloe-suhoe-115,denisov-winery-sovinon-blan-beloe-suhoe-115,True,True,confident,741.2,200,3f79e75ad53877d1a7e5d2cdb47e8acb334c57ce6b4a6bb669e5730fc65904c8
96.2_28-08-2026_09-13-27.webp,-,usadba-divnomorskoe-yuzhnyy-les-merlo-krasnoe-suhoe-137,False,False,uncertain,623.9,200,3ebdc89e46bd9ae493be9a753fa93352ab1859a7367ffb28a005e41728097043
96.2_28-08-2026_19-25-29.webp,-,novyy-svet-dom-shampanskih-vin-rossiyskoe-shampanskoe-kollektsionnoe-bryut-beloe-novyy-svet-yubileynoe-risling-13,False,False,not_found,608.2,200,bfc49b7f130b6059d0bfa0f91c954094a5fc94fee984f53c9296fa2c033bc3f9
96.31_09-09-2026_19-29-01.webp,aratti-kaberne-po-belomu|aratti-kaberne-po-belomu-1,aratti-kaberne-po-belomu,True,True,uncertain,684.1,200,2773e71ae7a1953b0a72e816253792c32fbd6d9e16fbb024d896228c04590048
96.31_21-08-2026_17-24-55.webp,bukovinka,bukovinka,True,True,confident,804.4,200,86b538929dc19ef6050ac5c58984e30b30d67d7feccdbae7383d9985b8d8d6dc
96.3_08-09-2026_10-53-14.webp,-,fanagoriya-zelyonoe-vino-risling-tsitronnyy-magaracha-merlo-rozovoe-polusuhoe-11,False,False,not_found,710.3,200,5b94c7ad65218e0a4a525795cc9ac1773b3b2c161ea2fcd1644f89327174b076
96.3_28-08-2026_09-12-56.webp,-,usadba-divnomorskoe-yuzhnyy-les-merlo-krasnoe-suhoe-137,False,False,uncertain,571.0,200,b81f5b3b912763ebdcb4e1b70f85a5dd54b915023b85b91335ca1dfb589f3420
96.42_22-08-2026_21-29-43.webp,-,abrau-dyurso-imperatorskoe-bryut-shardone-beloe-12,False,False,not_found,648.8,200,f84ac48acf05212cb213db4540b68a0afdb1a16308797d4fa1d5edeb4df8725e
96.44_05-09-2026_15-33-59.webp,-,sovinon-blan-krasnaya-gorka,False,False,not_found,700.4,200,bdea948c4ff12ff58bf24c043f9387123438e06be949452a3fa54fcc150b9c38
96.45_02-09-2026_14-19-06.webp,abrau-dyurso-russkoe-igristoe-polusuhoe-rozovoe-pino-nuar-12,abrau-dyurso-russkoe-igristoe-polusuhoe-rozovoe-pino-nuar-12,True,True,confident,593.4,200,dc204cc91f6e110699ce17b24033921d16391d68111dcebca943e95d926f8601
96.45_19-08-2026_19-35-28.webp,czitronnyj-magaracha,czitronnyj-magaracha,True,True,not_found,677.1,200,ece3a364d16791fe9eaabf5dcc3d4aa8956e4a9645f87e65a2bcd88bb3a19bd2
96.53_03-09-2026_16-39-17.webp,-,fanagoriya-fanagoriya-blanc-de-blancs-beloe-iz-belogo-shardone-igristoe-bryut-beloe-11-13,False,False,not_found,635.7,200,19b31d0ea1612c19020022c4f55b04d3456329682b5004e157e206518644cc4b
96.54_04-09-2026_19-30-52.webp,denisov-winery-risling-beloe-suhoe-115,denisov-winery-risling-beloe-suhoe-115,True,True,not_found,620.7,200,dc3cae13dfec9951ba10019f1ba4f85657264a9e91721b37b2e8966c10f9eb79
96.55_30-08-2026_19-34-31.webp,novyy-svet-dom-shampanskih-vin-rossiyskoe-shampanskoe-vyderzhannoe-polusladkoe-rozovoe-novyy-svet-shardone-125,novyy-svet-dom-shampanskih-vin-novyy-svet-polusladkoe-roze-shardone-rozovoe-115,False,True,confident,766.2,200,22d1d1b7cf2dc2343aa665670468b199f6b13c0dc4abb94d532434dc9c2245e5
96.58_05-09-2026_16-05-04.webp,fanagoriya-zelyonoe-vino-risling-tsitronnyy-magaracha-beloe-polusuhoe-11,fanagoriya-zelyonoe-vino-risling-tsitronnyy-magaracha-beloe-polusuhoe-11,True,True,confident,776.8,200,958247a4106e5c19120d8bd6a1f3a4a5654356c15d074ef6c3fb27639cb7adb4
96.61_28-08-2026_09-16-27.webp,balaklava-muskat|balaklava-muskat-beloe-polusladkoe,balaklava-muskat,True,True,uncertain,708.9,200,c6ede2c9b4e3a6ddea6c4574c0b9735749afce5ca7273a293e1784537af4cf68
96.62_07-09-2026_18-12-27.webp,fanagoriya-zelyonoe-vino-risling-tsitronnyy-magaracha-beloe-polusuhoe-11,fanagoriya-zelyonoe-vino-risling-tsitronnyy-magaracha-beloe-polusuhoe-11,True,True,confident,774.9,200,d949dc057719e3773fbf6d15cb8a6d0f922d1941d4ad6c21b7c53d03224b3cbd
96.64_26-08-2026_16-52-37.webp,-,valeriy-zaharin-avtorskoe-vino-ot-valeriya-zaharina-krasnoe-pino-nuar-suhoe-125,False,False,uncertain,676.7,200,5e8895addff6d97034c161e4123c487525e444f2e6c458ae80dd5d17cbd8e94d
96.65_02-09-2026_12-08-51.webp,-,leto-kaberne-sovinon-2023-polusuhoe-krasnoe,False,False,uncertain,821.5,200,7d876f25c30a5a7bec2da4574e74cfa52b384de9a98d46a993a4ae12660cfcbc
96.66_22-08-2026_20-44-40.webp,perovskih_polusuhoe_krasnoe,perovskih_polusuhoe_krasnoe,True,True,uncertain,651.9,200,0493e047f9dbec6a433fabf0ea6734c202c9b89f1614bce2644146434d454ed3
96.67_27-08-2026_17-47-05.webp,-,vinodelnya-begildeeva-kaberne-sovinon-merlo-krasnoe-suhoe-14,False,False,not_found,725.2,200,892fe18681c67ee83582618e0e4f22d3b02d8d86ceadd098f63883a066c973a6
96.74_28-08-2026_13-52-26.webp,usadba-mezyb-shishka-kupazh-5-kaberne-sovinon-rozovoe-suhoe-133,usadba-mezyb-shishka-kupazh-5-kaberne-sovinon-rozovoe-suhoe-133,True,True,confident,593.9,200,5cdb62e839128ba177541534a2bc6c6861dcd064a4d34f979c9b07a52e09122a
96.76_07-09-2026_14-57-04.webp,pozdnij-sbor-krasnoe,pozdnij-sbor-beloe,False,True,uncertain,694.5,200,73c54d35c45c1139af32e9ce9b80b9cdc8d56c12cf79e06b9b983051ddbd7e2f
96.77_24-08-2026_14-10-46.webp,golubitskoe-estate-red-blend-kaberne-sovinon-krasnoe-suhoe-136,golubitskoe-estate-winery-series-roze-blend-kaberne-sovinon-rozovoe-suhoe-117,False,True,uncertain,859.4,200,91ea9bff5395b030b7fc53a58058ec5d9f21c6f48620c860820c03bda08eaff6
96.78_25-08-2026_18-04-42.webp,?,czitronnyj-magaracha,False,False,uncertain,895.1,200,a865a763586b38f9aa98443a53d09a853db2a8fe06ae7133408531819928c5e8
96.79_20-08-2026_17-48-31.webp,oleg,oleg,True,True,confident,788.6,200,122436010fde073f1dfcfe7d39b4fe00290d8d1f0c34ea474a39afb6dd0f06de
96.79_28-08-2026_22-05-22.webp,vinodelnya-vedernikov-vedernikov-dolina-dona-beloe-suhoe-aligote-12,vinodelnya-vedernikov-vedernikov-dolina-dona-beloe-suhoe-aligote-12,True,True,confident,868.3,200,cc82a406e4e2a01e1bb8737228bf2102f83e6e5a862f3bb8c22e36a54771b0e9
96.7_28-08-2026_13-50-21.webp,-,usadba-divnomorskoe-yuzhnyy-les-merlo-krasnoe-suhoe-137,False,False,uncertain,633.9,200,39dc77142a7837758b1e6fc7e4aeff3815c553e1c630ae8650277d3d14f7284e
96.83_20-08-2026_17-48-13.webp,oleg,oleg,True,True,confident,703.0,200,a8327629b4da658b9f1d4e430f5c06c2d94db58c4023c66f2fadc1cd12a30dba
96.8_25-08-2026_22-20-38.webp,-,zhemchuzhnaya-9-sovinon-blan-aligote,False,False,uncertain,702.2,200,1bb8b68cecd621b377b75df193988127526fe804945eb856eeb09c23dad0152b
96.96_05-09-2026_19-02-01.webp,denisov_rubin_klaret_krasnaya_strelka,denisov_rubin_klaret_krasnaya_strelka,True,True,not_found,729.3,200,bd4a7d377b9b4ea148613341dc715c254180c3752b6e6c7213b8c2c6c2c7cfe1
96.98_19-08-2026_19-05-06.webp,czitronnyj-magaracha,czitronnyj-magaracha,True,True,confident,653.9,200,ad706961e75013b728eb8343e4fac7502947766612e8f636b765068547731765
97.02_29-08-2026_18-49-02.webp,caperavi-avtorskoe-vino,caperavi-avtorskoe-vino,True,True,confident,731.7,200,ec0c92ffc08ca3953f15944cefc46b9d56ccea425584072377350232ca78c9f9
97.08_05-09-2026_15-30-50.webp,-,fanagoriya-alveus-ultra-cuvee-bryut-rozovoe-merlo-igristoe-bryut-rozovoe-12,False,False,not_found,610.9,200,fda74388ce1349e23f50d1c4544f7c5589c3ed2ce2280e5b1ec676e87ea5a828
97.23_05-09-2026_15-34-36.webp,-,solnechnaya-dolina-meganom-beloe-aligote-suhoe-13,False,False,not_found,594.3,200,26c72f3787e300cc661072a8e8a68aafe4cd3a821d2354f72a41aef5ce1611dd
